title,selftext,url
Why was the soldier pinned down?,"he was under a tack
lolol",http://www.reddit.com/r/3amjokes/comments/1eednd/why_was_the_soldier_pinned_down/
Why does a milking stool only have 3 legs?,"BECAUSE THE COW HAS THE UDDER

DOHOHOHO",http://www.reddit.com/r/3amjokes/comments/1dyted/why_does_a_milking_stool_only_have_3_legs/
What kind of concert only costs 45 cents?,50 cent featuring Nickelback ,http://www.reddit.com/r/3amjokes/comments/1eg314/what_kind_of_concert_only_costs_45_cents/
What's brown and rhymes with snoop?,Dr Dre,http://www.reddit.com/r/3amjokes/comments/1cu3ww/whats_brown_and_rhymes_with_snoop/
"I went to a zoo, and the only animal there was a dog...",It was a shitzu.,http://www.reddit.com/r/3amjokes/comments/1el71x/i_went_to_a_zoo_and_the_only_animal_there_was_a/
I asked my friend from North Korea how he was doing.,"Went to the opticians the other day, guess who I bumped into...",self.3amjokes
6,0,self.3amjokes
3,0,self.3amjokes
1,0,self.3amjokes
6,0,self.3amjokes
5,0,self.3amjokes
8,0,self.3amjokes
8,0,self.3amjokes
9,0,self.3amjokes
7,0,self.3amjokes
6,0,self.3amjokes
8,0,self.3amjokes
5,0,self.3amjokes
4,0,self.3amjokes
11,0,self.3amjokes
7,0,self.3amjokes
14,0,self.3amjokes
14,0,self.3amjokes
8,0,self.3amjokes
14,0,self.3amjokes
10,0,self.3amjokes
15,0,self.3amjokes
7,0,self.3amjokes
4,0,self.3amjokes
8,0,self.3amjokes
12,0,self.3amjokes
32,0,self.3amjokes
6,0,self.3amjokes
12,0,self.3amjokes
8,0,self.3amjokes
11,0,self.3amjokes
4,0,self.3amjokes
7,0,self.3amjokes
4,0,self.3amjokes
5,0,self.3amjokes
6,0,self.3amjokes
7,0,self.3amjokes
6,0,self.3amjokes
5,0,self.3amjokes
4,0,self.3amjokes
13,0,self.3amjokes
4,0,self.3amjokes
13,0,self.3amjokes
7,0,self.3amjokes
3,0,self.3amjokes
10,t5_2vc9u,12h9fj
http://www.reddit.com/r/3amjokes/comments/12h9fj/an_irishman_walks_into_a_bar_with/,0,0
1375798360.0
168,0,0
1371037109.0
182,0,0
1366021154.0
Potassium went on a date the other day.,It went OK.,http://www.reddit.com/r/3amjokes/comments/1ihpdo/oxygen_and_potassium_went_on_a_date_the_other_day/
What kind of gum does Poseidon chew?,Trident,http://www.reddit.com/r/3amjokes/comments/1i2h06/what_kind_of_gum_does_poseidon_chew/
Three Ropes Go to a Bar,"Bartender (to first rope): Are you a rope?

1st rope: Yes, I’m afraid so.

Bartender:  Well we don’t serve ropes

Bartender (to second rope): Are you a rope?

2nd rope: Yes, I’m afraid so.

Bartender:  Well we don’t serve ropes

Bartender (to third rope): Are you a rope?

3rd rope: No, I’m a frayed knot.
",http://www.reddit.com/r/3amjokes/comments/11xcje/three_ropes_go_to_a_bar/
Why can't your nose be 12 inches long?,Because then it'd be a foot!,http://www.reddit.com/r/3amjokes/comments/1h7cth/why_cant_your_nose_be_12_inches_long/
Why did the baker remortgage his house?,"Because he kneaded the dough.






[I'm extremely grateful that a joke I made up has been deemed 'almost funny' by sleep deprived redditors]",http://www.reddit.com/r/3amjokes/comments/1iynu3/why_did_the_baker_remortgage_his_house/
What do you call a line of bunnies dancing backward?,A receding hare line.,http://www.reddit.com/r/3amjokes/comments/1bf1nm/what_do_you_call_a_line_of_bunnies_dancing/
A man walks into a bar...,"Why was everyone jumping for joy?
",0
138,23,0
140,13,0
137,25,0
137,16,0
133,31,0
135,33,0
133,25,0
135,32,0
132,39,0
132,169,t5_2vc9u
t3_1insp6,1hmxz1,t5_2vc9u
t3_1hmxz1,1fho7j,t5_2vc9u
t3_1fho7j,1if1ug,t5_2vc9u
t3_1if1ug,1i6nxi,t5_2vc9u
t3_1i6nxi,131v67,t5_2vc9u
t3_131v67,1kjug1,t5_2vc9u
t3_1kjug1,1dmm0m,0
129,23,0
128,19,0
127,33,0
126,27,0
121,18,0
123,17,0
122,17,0
121,21,0
118,31,0
120,34,0
123,37,0
122,25,0
126,24,0
121,25,0
125,30,0
120,42,0
118,26,0
121,23,0
118,25,0
115,29,0
119,16,0
117,15,0
117,38,0
117,28,0
113,22,0
114,26,0
109,22,0
113,39,0
106,28,0
106,31,0
110,31,0
109,20,0
112,17,0
103,37,0
104,35,0
104,19,0
103,19,0
104,24,0
102,18,0
106,19,0
105,13,0
105,34,0
98,16,0
95,29,0
97,21,0
99,24,0
100,13,0
96,17,0
93,13,0
93,21,0
96,23,0
95,17,0
94,20,0
96,21,145
0,0,112
0,0,108
0,0,120
0,0,127
0,0,111
0,0,123
0,0,103
0,0,114
0,0,108
0,0,100
0,0,111
0,0,102
0,0,107
0,0,teven called in sick on Friday
5,0,self.3amjokes
3,0,self.3amjokes
1,0,self.3amjokes
5,0,self.3amjokes
10,0,self.3amjokes
3,0,self.3amjokes
8,0,self.3amjokes
7,0,self.3amjokes
2,0
1368959984.0,0
0,0
1367298300.0,aaaahhheeeeeoooooo""

The second whale turns to the first and says
http://www.reddit.com/r/3amjokes/comments/1de64a/two_whales_walk_into_a_bar/,What is the fashion designer's favorite gangster movie?,False
0
1371917943.0,112,0
82,20,0
83,15,0
78,15,0
77,49,1bj6zg
http://www.reddit.com/r/3amjokes/comments/1bj6zg/why_did_isaac_newtons_son_know_so_much_about/,t5_2vc9u,13oi8c
http://www.reddit.com/r/3amjokes/comments/13oi8c/i_dated_a_girl_with_lazy_eye_one_time/,t5_2vc9u,12m257
http://www.reddit.com/r/3amjokes/comments/12m257/a_programmer_walks_into_a_bar/,t5_2vc9u,1csppy
http://www.reddit.com/r/3amjokes/comments/1csppy/did_you_hear_the_story_about_the_programmer_who/,t5_2vc9u,11r6hp
http://www.reddit.com/r/3amjokes/comments/11r6hp/so_an_8_walks_into_a_bar/,0,self.3amjokes
9,0,self.3amjokes
0,0,self.3amjokes
2,0,self.3amjokes
0,0,self.3amjokes
1,0,self.3amjokes
11,0,self.3amjokes
8,0,self.3amjokes
7,0,self.3amjokes
6,0,self.3amjokes
6,0,self.3amjokes
6,0,self.3amjokes
2,0,self.3amjokes
2,0,self.3amjokes
0,0,self.3amjokes
1,0,self.3amjokes
4,0,self.3amjokes
6,False,71
16,False,74
15,False,72
30,False,72
33,False,68
28,False,72
27,False,70
17,False,69
18,False,71
24,False,69
31,False,66
40,0,0
1370647696.0
100,0,0
1367134540.0
71,0,0
1363060745.0
75,0,0
1375058392.0
94,0,0
1368317679.0
89,0,0
1351034755.0
my roof go?""",0,http://www.reddit.com/r/3amjokes/comments/11z3u5/sometimes_before_i_go_to_sleep_i_look_up_at_the/
What do you call testicles in space?,Astro Nuts,http://www.reddit.com/r/3amjokes/comments/1in09v/what_do_you_call_testicles_in_space/
Why are ghosts bad liars?,Because you can see right through them!,http://www.reddit.com/r/3amjokes/comments/1cb8mz/why_are_ghosts_bad_liars/
What did the astronaut say when he scored a basket?,Wow! I rocket this!,http://www.reddit.com/r/3amjokes/comments/1hlz5m/what_did_the_astronaut_say_when_he_scored_a_basket/
What do you call a cow with no legs?,ground beef,http://www.reddit.com/r/3amjokes/comments/133hpq/what_do_you_call_a_cow_with_no_legs/
"If I ever opened a Vietnamese restaurant, I know exactly what I'd call it...",Viet-Noms,http://www.reddit.com/r/3amjokes/comments/1kc6u7/if_i_ever_opened_a_vietnamese_restaurant_i_know/
What do you get when you throw a hand grenade into a washroom?,"Linoleum blown-apart
",http://www.reddit.com/r/3amjokes/comments/1gyu0j/what_do_you_get_when_you_throw_a_hand_grenade/
What do you call an atheist parasite?,A heretick.,http://www.reddit.com/r/3amjokes/comments/1e76jz/what_do_you_call_an_atheist_parasite/
I got into a debate with a stroke victim yesterday.,Discussion was pretty one-sided.,http://www.reddit.com/r/3amjokes/comments/1dn4ou/i_got_into_a_debate_with_a_stroke_victim_yesterday/
why did the skeleton not go to the dance?,he had no body to go with,http://www.reddit.com/r/3amjokes/comments/1cbyml/why_did_the_skeleton_not_go_to_the_dance/
What the population of Brazil?,A Brazillion people,http://www.reddit.com/r/3amjokes/comments/18vomi/what_the_population_of_brazil/
What do a walrus and a ziploc bag have in common?,They both like a tight seal.,http://www.reddit.com/r/3amjokes/comments/1hyxo2/what_do_a_walrus_and_a_ziploc_bag_have_in_common/
Did you hear about the 80 year old lady with AIDS?,She had one in each ear! ,http://www.reddit.com/r/3amjokes/comments/1h5ku2/did_you_hear_about_the_80_year_old_lady_with_aids/
Why did the golfer carry two shirts with him?,In case he got a hole in one.,http://www.reddit.com/r/3amjokes/comments/1ew093/why_did_the_golfer_carry_two_shirts_with_him/
Why didn't the mushroom go to the party?,Because there wasn't much room.,http://www.reddit.com/r/3amjokes/comments/1dicsg/why_didnt_the_mushroom_go_to_the_party/
What happened when the ghost went on the roller-coaster?,He was scared sheetless. ,http://www.reddit.com/r/3amjokes/comments/1dfqfj/what_happened_when_the_ghost_went_on_the/
What do you call a fake noodle?,An impasta.,http://www.reddit.com/r/3amjokes/comments/11wxrd/what_do_you_call_a_fake_noodle/
Why was the broom late for class?,Because he over*swept*!,http://www.reddit.com/r/3amjokes/comments/1i6z86/why_was_the_broom_late_for_class/
My dad is a pilot and he often flies over Holland.,But he Netherlands.,http://www.reddit.com/r/3amjokes/comments/1fyike/my_dad_is_a_pilot_and_he_often_flies_over_holland/
Why was the Egyptian boy so confused?,Because his daddy was a mummy.,http://www.reddit.com/r/3amjokes/comments/1eehui/why_was_the_egyptian_boy_so_confused/
What do you call a nun in a car?,Virgin Mobile,http://www.reddit.com/r/3amjokes/comments/17l8ke/what_do_you_call_a_nun_in_a_car/
What is black and has 1 leg?,"one-legged black man.

What has 2 legs and is black?

2 one-legged black men.

What has 3 legs and is black?

piano.",http://www.reddit.com/r/3amjokes/comments/12hl8k/what_is_black_and_has_1_leg/
Why was the chef late to work?,He forgot the thyme. ,http://www.reddit.com/r/3amjokes/comments/1k3gbz/why_was_the_chef_late_to_work/
What did the history teacher name his pet lightning bug?,A. Blinkin',http://www.reddit.com/r/3amjokes/comments/19ykzx/what_did_the_history_teacher_name_his_pet/
What is Obamas favorite food?,Barakoli ,http://www.reddit.com/r/3amjokes/comments/1kgroc/what_is_obamas_favorite_food/
Why did the girl take the mushroom to the dance?,Because he was a fungi!,http://www.reddit.com/r/3amjokes/comments/1hjelx/why_did_the_girl_take_the_mushroom_to_the_dance/
Why does all flour look the same?,Because it's inbred.,http://www.reddit.com/r/3amjokes/comments/1eq0bl/why_does_all_flour_look_the_same/
What happened to the guy who got his coffee cup stolen ?,He got mugged.,http://www.reddit.com/r/3amjokes/comments/1e0jgg/what_happened_to_the_guy_who_got_his_coffee_cup/
Why did the tree need glasses?,For its a*stick*matism,http://www.reddit.com/r/3amjokes/comments/1k5n9b/why_did_the_tree_need_glasses/
What do you call a dog with no hind legs and iron balls?,Sparky...Sorry I'm posting at 12:50PM,http://www.reddit.com/r/3amjokes/comments/1e6un5/what_do_you_call_a_dog_with_no_hind_legs_and_iron/
Not every city in UAE looks like it's taken right out of the Flintstones,But Abu Dhabi do,http://www.reddit.com/r/3amjokes/comments/1d6jh5/not_every_city_in_uae_looks_like_its_taken_right/
What's the problem when hearing Black and Mexican jokes?,"Because when you hear Juan, you hear Jammal.",http://www.reddit.com/r/3amjokes/comments/1cyse6/whats_the_problem_when_hearing_black_and_mexican/
What did the male iphone say to the female iphone?,Nice apps.,http://www.reddit.com/r/3amjokes/comments/1698x0/what_did_the_male_iphone_say_to_the_female_iphone/
Are you html code?,Because I’d like to put you on top of my &lt;/body&gt;,http://www.reddit.com/r/3amjokes/comments/13a12u/are_you_html_code/
I couldn't decide if I should sell my mattress....,I slept on it.,http://www.reddit.com/r/3amjokes/comments/1ixj07/i_couldnt_decide_if_i_should_sell_my_mattress/
What is the stickiest kind of bird?,VelCROW.,http://www.reddit.com/r/3amjokes/comments/1gmcbe/what_is_the_stickiest_kind_of_bird/
Why couldn't the bicycle stand on its own?,It was two tired,http://www.reddit.com/r/3amjokes/comments/193hse/why_couldnt_the_bicycle_stand_on_its_own/
What did the blanket utter when it fell off the bed?,"Oh sheet!



[I need my bed.] ",http://www.reddit.com/r/3amjokes/comments/17nwq2/what_did_the_blanket_utter_when_it_fell_off_the/
Last night i was watching The Mentalist,"I got done watching the entire Bones series a while ago and the ^GODDAMNED sixth season left me unsatisfied so i was looking for a new show. I remembered watching an episode of the mentalist a year or two ago and really enjoyed it so I bought some DVDs online.

So there I was, 1:45 AM watching Jane reading Lisbeth's mind and I think, ""That is one small office they have. You couldn't fit a baby elephant in there. Pretty lucky that none of the cops are elephants.""

At that point I figured it was time for bed...

",http://www.reddit.com/r/3amjokes/comments/11r4zs/last_night_i_was_watching_the_mentalist/
What did the electrician's son say to his father?,"No dad, stop! It hertz!

... :/",http://www.reddit.com/r/3amjokes/comments/1eu5zs/what_did_the_electricians_son_say_to_his_father/
whats red and smells like blue paint?,red paint,http://www.reddit.com/r/3amjokes/comments/19htd4/whats_red_and_smells_like_blue_paint/
What is Death's favorite frozen treat?,A Pop-sickle,http://www.reddit.com/r/3amjokes/comments/1jer8m/what_is_deaths_favorite_frozen_treat/
What did the ghost say to the bee?,BOOBIE! (boo bee),http://www.reddit.com/r/3amjokes/comments/1irqnz/what_did_the_ghost_say_to_the_bee/
Guess what.,Chickenbutt.,http://www.reddit.com/r/3amjokes/comments/19u7ku/guess_what/
What did the pig lost in the desert say?,I'm bacon out here!,http://www.reddit.com/r/3amjokes/comments/19db1b/what_did_the_pig_lost_in_the_desert_say/
What's the most common criminal charge against cats?,"Littering.

I'm here all night. Seriously.",http://www.reddit.com/r/3amjokes/comments/146zdu/whats_the_most_common_criminal_charge_against_cats/
Mr. Spaghetti asks Mr. Cheese how he is feeling.,"""I'm feeling grate"" - Mr. Cheese",http://www.reddit.com/r/3amjokes/comments/1fv2ta/mr_spaghetti_asks_mr_cheese_how_he_is_feeling/
What did the cheese say right before it got shredded?,Oh grate! ,http://www.reddit.com/r/3amjokes/comments/1d8s0k/what_did_the_cheese_say_right_before_it_got/
What did Columbo say about The Case of the Broken Calculator?,It just doesn't add up,http://www.reddit.com/r/3amjokes/comments/1f44sg/what_did_columbo_say_about_the_case_of_the_broken/
what do you call a girl with a penis?,amanda,http://www.reddit.com/r/3amjokes/comments/1e4b14/what_do_you_call_a_girl_with_a_penis/
I like to put a little salt in my tea,to make it salty.,http://www.reddit.com/r/3amjokes/comments/1dmufp/i_like_to_put_a_little_salt_in_my_tea/
What do we want!?,"Cat Jokes!
When do we want them!?
Meow!
",http://www.reddit.com/r/3amjokes/comments/162n8u/what_do_we_want/
Where's the best place to post anti-jokes?,/r/AntiJokes ,http://www.reddit.com/r/3amjokes/comments/12plxc/wheres_the_best_place_to_post_antijokes/
I just swallowed some foil...,It's giving me Al types of trouble.,http://www.reddit.com/r/3amjokes/comments/1j7h68/i_just_swallowed_some_foil/
How do you make a space party?,You planet,http://www.reddit.com/r/3amjokes/comments/1izsx0/how_do_you_make_a_space_party/
How does the hardware engineer get to work?,Takes the universal serial bus straight up to the north ~~gate~~ bridge.,http://www.reddit.com/r/3amjokes/comments/1hhaei/how_does_the_hardware_engineer_get_to_work/
What do you call large groups of sneezers?,Mass-ACHU-setts !!!,http://www.reddit.com/r/3amjokes/comments/1fge7x/what_do_you_call_large_groups_of_sneezers/
Why did the turtle cross the road?,To get to the Shell Station!,http://www.reddit.com/r/3amjokes/comments/1a07ev/why_did_the_turtle_cross_the_road/
What do black bears eat?,Blackberries.,http://www.reddit.com/r/3amjokes/comments/1fpki6/what_do_black_bears_eat/
What's green and sings?!,"Elvis, **PARSLEY**!!!!!",http://www.reddit.com/r/3amjokes/comments/1epzos/whats_green_and_sings/
What's a buccaneer?,A high price for corn,http://www.reddit.com/r/3amjokes/comments/1ax9bw/whats_a_buccaneer/
Why are cats always grumpy?,They have Many-paws.,http://www.reddit.com/r/3amjokes/comments/16feji/why_are_cats_always_grumpy/
Did you hear about the Italian chef that died?,He pasta way.,http://www.reddit.com/r/3amjokes/comments/1ffz0j/did_you_hear_about_the_italian_chef_that_died/
What is red and smells like blue paint?,Red paint.,http://www.reddit.com/r/3amjokes/comments/1e3xex/what_is_red_and_smells_like_blue_paint/
What do you call a fish with no eyes?,Fsh,http://www.reddit.com/r/3amjokes/comments/1e368t/what_do_you_call_a_fish_with_no_eyes/
How much does a pirate charge for body parts?,About a buck an ear.,http://www.reddit.com/r/3amjokes/comments/1do0h2/how_much_does_a_pirate_charge_for_body_parts/
Why did the sperm cross the street?,I put on the wrong socks this morning,http://www.reddit.com/r/3amjokes/comments/19md6q/why_did_the_sperm_cross_the_street/
How did you get out of Iraq?,-I ran,http://www.reddit.com/r/3amjokes/comments/1ikjov/how_did_you_get_out_of_iraq/
What do you call an armless man in the ocean?,Fucked.,http://www.reddit.com/r/3amjokes/comments/1edkh8/what_do_you_call_an_armless_man_in_the_ocean/
What is brown and sticky?,A stick.,http://www.reddit.com/r/3amjokes/comments/18go6v/what_is_brown_and_sticky/
What if Obama lost the election?,It would've been unpresidented.,http://www.reddit.com/r/3amjokes/comments/12yd02/what_if_obama_lost_the_election/
A boy melon proposed to a girl melon. ..,"She said. ""We're too young, we cantaloupe"".",http://www.reddit.com/r/3amjokes/comments/1jm8vm/a_boy_melon_proposed_to_a_girl_melon/
What kind of bees produce milk?,Boobies,http://www.reddit.com/r/3amjokes/comments/1g6yed/what_kind_of_bees_produce_milk/
When is a door not a door?,"...When its ajar ! ! !

^shoot ^me ^now....please, ^anyone!",http://www.reddit.com/r/3amjokes/comments/11rurp/when_is_a_door_not_a_door/
What do you get when you cross an elephant and a fish?,SWIMMING TRUNKS!! :D,http://www.reddit.com/r/3amjokes/comments/1k7g4v/what_do_you_get_when_you_cross_an_elephant_and_a/
Where did Shampoo take Body Wash on their first date?,The Soap Bar.,http://www.reddit.com/r/3amjokes/comments/1hbpwf/where_did_shampoo_take_body_wash_on_their_first/
What's red and bad for your teeth?,A brick.,http://www.reddit.com/r/3amjokes/comments/1effvb/whats_red_and_bad_for_your_teeth/
What do you get when you throw a grenade in a French man's kitchen?,Linoleum Blownapart,http://www.reddit.com/r/3amjokes/comments/1ea99w/what_do_you_get_when_you_throw_a_grenade_in_a/
What do trees like to put on their salad?,Branch Dressing,http://www.reddit.com/r/3amjokes/comments/1d96s6/what_do_trees_like_to_put_on_their_salad/
What is it called when a king has sex with his daughter?,Princest.,http://www.reddit.com/r/3amjokes/comments/18ojhh/what_is_it_called_when_a_king_has_sex_with_his/
What do they do with a Chemist once they've died?,"They Barium.

Ba dum tssshhh",http://www.reddit.com/r/3amjokes/comments/1jnooh/what_do_they_do_with_a_chemist_once_theyve_died/
Why was the countertop so upset?,It was taken for granite!,http://www.reddit.com/r/3amjokes/comments/1ejzeo/why_was_the_countertop_so_upset/
How does a lion like his steak?,Medium Roar,http://www.reddit.com/r/3amjokes/comments/1dxeb8/how_does_a_lion_like_his_steak/
What did the Mexican firefighter call his two sons?,José and Josb,http://www.reddit.com/r/3amjokes/comments/1cxhsk/what_did_the_mexican_firefighter_call_his_two_sons/
Knock Knock,"And i thought ""i've been dying to ride in one of those!"" ",t3_16woom
1gd78u,http://www.reddit.com/r/3amjokes/comments/1gd78u/what_do_you_call_a_cheap_circumcision/,t3_1gd78u
1f0d36,http://www.reddit.com/r/3amjokes/comments/1f0d36/how_does_moses_make_his_tea/,t3_1f0d36
1ekk2d,http://www.reddit.com/r/3amjokes/comments/1ekk2d/did_you_hear_about_the_extreme_camper/,t3_1ekk2d
1e831n,http://www.reddit.com/r/3amjokes/comments/1e831n/why_did_the_cult_leader_bring_a_crane_to_the/,t3_1e831n
1dad9m,http://www.reddit.com/r/3amjokes/comments/1dad9m/what_kind_of_movies_do_sailors_fear_the_most/,t3_1dad9m
1d844t,http://www.reddit.com/r/3amjokes/comments/1d844t/what_do_you_get_when_a_rock_shaves/,t3_1d844t
1cspf0,http://www.reddit.com/r/3amjokes/comments/1cspf0/who_haunts_the_disco/,t3_1cspf0
1btrrc,http://www.reddit.com/r/3amjokes/comments/1btrrc/what_came_after_the_ice_age/,t3_1btrrc
11wbwc,http://www.reddit.com/r/3amjokes/comments/11wbwc/two_mimes_walk_into_a_bar_one_says_to_the_other/,t3_11wbwc
1kdc9x,http://www.reddit.com/r/3amjokes/comments/1kdc9x/hey_girl_are_you_a_non_metal_thats_gained_an/,t3_1kdc9x
1jmse4,http://www.reddit.com/r/3amjokes/comments/1jmse4/what_did_one_casket_say_to_the_sick_casket/,t3_1jmse4
1iynjl,http://www.reddit.com/r/3amjokes/comments/1iynjl/so_i_saw_a_hearse_the_other_day/,t3_1iynjl
1ixzpc,http://www.reddit.com/r/3amjokes/comments/1ixzpc/what_is_forrest_gumps_password/,t3_1ixzpc
1e87j4,http://www.reddit.com/r/3amjokes/comments/1e87j4/what_did_gibson_do_when_he_fell/,t3_1e87j4
1e1ko8,http://www.reddit.com/r/3amjokes/comments/1e1ko8/how_good_were_the_geologists_at_basketball/,t3_1e1ko8
1atgm6,http://www.reddit.com/r/3amjokes/comments/1atgm6/what_happened_to_the_peanut_that_walked_down_the/,t3_1atgm6
1fbxdi,http://www.reddit.com/r/3amjokes/comments/1fbxdi/what_do_you_call_an_orphaned_lamb/,t3_1fbxdi
1ev586,http://www.reddit.com/r/3amjokes/comments/1ev586/whats_the_same_about_a_bird_and_a_turtle/,t3_1ev586
15udw7,http://www.reddit.com/r/3amjokes/comments/15udw7/what_do_you_call_a_strict_leaders_starchy_children/,t3_15udw7
14hawr,http://www.reddit.com/r/3amjokes/comments/14hawr/two_peanuts_were_walking_down_the_street/,t3_14hawr
1bjjom,http://www.reddit.com/r/3amjokes/comments/1bjjom/a_helicopter_with_an_ejection_seat/,t3_1bjjom
12ndx9,http://www.reddit.com/r/3amjokes/comments/12ndx9/what_did_the_boy_dubstep_say_to_the_girl_dubstep/,t3_12ndx9
1kc06z,http://www.reddit.com/r/3amjokes/comments/1kc06z/what_fish_taste_like_nuts/,t3_1kc06z
1j0gal,http://www.reddit.com/r/3amjokes/comments/1j0gal/why_is_edward_snowden_still_in_russia/,t3_1j0gal
1ed2u5,http://www.reddit.com/r/3amjokes/comments/1ed2u5/why_did_the_pelican_get_kicked_out_of_the/,t3_1ed2u5
1cdkkx,http://www.reddit.com/r/3amjokes/comments/1cdkkx/what_did_the_ocean_say_to_the_other_ocean/,t3_1cdkkx
11rtcv,http://www.reddit.com/r/3amjokes/comments/11rtcv/whats_red_and_smells_like_blue_paint/,t3_11rtcv
11r9sl,http://www.reddit.com/r/3amjokes/comments/11r9sl/what_do_you_call_a_tall_barber/,t3_11r9sl
1jxk47,http://www.reddit.com/r/3amjokes/comments/1jxk47/why_was_the_dolphin_feelin_sad/,t3_1jxk47
1ekzst,http://www.reddit.com/r/3amjokes/comments/1ekzst/why_did_the_tomato_blush/,t3_1ekzst
19ykp8,http://www.reddit.com/r/3amjokes/comments/19ykp8/what_do_a_typist_and_an_alcoholic_astronaut_have/,t3_19ykp8
15pbk1,http://www.reddit.com/r/3amjokes/comments/15pbk1/said_this_to_my_mother_after_a_car_commercial/,True
self.3amjokes,3,0
41,13,0
37,11,0
40,25,0
41,15,0
40,9,0
40,12,0
39,14,0
43,18,0
43,28,0
37,9,0
39,11,0
37,13,0
37,15,0
39,5,0
36,8,0
37,20,0
36,15,0
37,11,0
39,4,0
36,9,0
36,23,0
37,18,0
36,14,0
35,16,0
38,9,0
34,18,0
40,16,0
38,15,0
39,14,0
37,5,0
40,5,0
34,22,0
39,13,0
36,11,0
31,27,0
37,19,0
38,4,0
35,19,0
37,4,0
34,9,49
0,0,45
False,0,19
0,True,3
0,True,0
0,True,8
0,True,0
0,True,1
0,True,1
0,True,2
0,True,1
0,True,3
0,True,2
0,True,3
0,True,9
0,True,3
0,True,1
0,True,3
0,True,2
0,True,3
0,True,1
0,True,4
0,True,2
0,True,1
0,True,0
0,True,"... one says to the other: ""you get the guns, i'll drive""."
t3_1imuf2,1ge1uj,t5_2vc9u
t3_1ge1uj,1ew52o,t5_2vc9u
t3_1ew52o,1k21p2,t5_2vc9u
t3_1k21p2,1h1nug,t5_2vc9u
t3_1h1nug,1ewqvj,t5_2vc9u
t3_1ewqvj,1ehihn,t5_2vc9u
t3_1ehihn,1cu29t,t5_2vc9u
t3_1cu29t,1ayhjf, no charge."""
0,0
1362181062.0,0
0,0
1351840056.0,0
0,0
1370136668.0,0
0,0
1369008327.0,0
0,0
1368313844.0,0
0,0
1366518358.0,0
0,0
1376607722.0,0
0,0
1373788045.0,0
0,0
1372184926.0,0
0,0
1369000128.0,0
0,0
1368419829.0,0
0,0
1365144735.0,0
0,0
1363233452.0,0
0,0
1360595112.0,0
0,0
1356610127.0,0
0,0
1373046348.0,0
0,0
1370741839.0,0
0,0
1369156033.0,0
0,0
1368824633.0,0
0,0
1368723438.0,0
0,0
1368638800.0,0
0,0
1361063129.0,0
0,0
1375504621.0,0
0,0
1369020816.0,0
0,0
1368647506.0,0
0,0
1365272664.0,0
0,0
1359875309.0,0
0,0
1358042456.0,0
0,0
1353566752.0,0
0,0
1352165769.0,0
0,0
1376255613.0,0
0,0
1374652650.0,0
0,0
1371266184.0,0
0,0
1370757857.0,0
0,0
1368403925.0,0
0,0
1368032107.0,0
0,0
1364341522.0,0
0,0
1352594440.0,0
0,0
1351803170.0,0
0,0
1376026757.0,0
0,0
1374413524.0,0
0,0
1374047033.0,0
0,0
1372579597.0,0
0,0
1368834203.0,0
0,0
1362357465.0,0
0,0
1353328413.0,0
0,0
1352779158.0,0
0,0
1351925977.0,0
0,0
1350724152.0,0
0,0
1376007440.0,0
0,0
1375912434.0,0
0,0
1373000823.0,0
0,0
1371058549.0,0
0,0
1364915999.0,0
0,0
1376081631.0,0
0,0
1375661514.0,0
0,0
1375573142.0,0
0,0
1369254408.0,?""
And the pirate says ""It's drivin' me nuts!"""
0,0
1368669776.0,0
0,0
1368655248.0,0
0,0
1366643213.0,0
0,0
1366551870.0,0
0,0
1364686502.0,0
0,0
1363009201.0,0
0,0
1352074719.0,0
0,0
1350745545.0,0
0,0
1350686500.0,0
0,0
1372901427.0,0
0,0
1372649698.0,0
0,0
1372406280.0,0
0,0
1371070069.0,0
0,0
1368905927.0,"A boy and a girl fall in love…
"
t5_2vc9u,t3_1elav1,http://www.reddit.com/r/3amjokes/comments/1dldga/why_are_stringed_instruments_the_bravest/
t5_2vc9u,t3_1dldga,http://www.reddit.com/r/3amjokes/comments/19ig03/a_boy_and_a_girl_fall_in_love/
 and everything seems to be going great… at first. Partway through the delivery, just a head. 

The father is devastated. All of his dreams of taking his son hiking, both he and the father are amazed to see that a torso has grown out of the bottom of the boy’s neck.  Excitedly they order beer after beer
 the boy shuffles out the front door of the bar and into the street, who shrugs and says “ehh,t3_19ig03
1k656x,http://www.reddit.com/r/3amjokes/comments/1k656x/what_do_you_call_a_party_with_no_white_people/,True
self.3amjokes,3,True
self.3amjokes,3,True
self.3amjokes,2,True
self.3amjokes,3,True
self.3amjokes,4,True
self.3amjokes,2,True
self.3amjokes,0,True
self.3amjokes,7,True
self.3amjokes,1,True
self.3amjokes,1,True
self.3amjokes,5,True
self.3amjokes,0,True
self.3amjokes,3,True
self.3amjokes,2,True
self.3amjokes,3,True
self.3amjokes,9,True
self.3amjokes,13,True
self.3amjokes,3,False
0
1369327555.0,20,0
17,16,0
15,18,0
16,4,0
16,17,0
18,5,0
14,6,0
16,3,0
17,4,0
16,7,0
14,16,0
15,4,0
16,16,0
17,4,0
17,19,0
14,7,0
14,7,0
14,14,0
15,7,0
12,11,0
14,1,0
13,5,0
14,4,0
13,8,0
15,15,0
15,3,0
14,9,0
13,29,http://www.reddit.com/r/3amjokes/comments/1ihowv/man_i_cant_get_this_buddy_of_mine_to_leave_the/
"When a jalapeno gets sick, who does it see?",Dr. Pepper,http://www.reddit.com/r/3amjokes/comments/1fc4rd/when_a_jalapeno_gets_sick_who_does_it_see/
How many needles does a Pine Tree have?,Enough.,http://www.reddit.com/r/3amjokes/comments/1eqlrg/how_many_needles_does_a_pine_tree_have/
Did you hear about the guy who lost his left arm and his left leg?,"It's ok, he's alright now.",http://www.reddit.com/r/3amjokes/comments/1eesgp/did_you_hear_about_the_guy_who_lost_his_left_arm/
How do you fix a broken tuba?,With a tuba glue!,http://www.reddit.com/r/3amjokes/comments/1eel32/how_do_you_fix_a_broken_tuba/
How does Vanna White poop?,She performs a vowel movement.,http://www.reddit.com/r/3amjokes/comments/1e4f76/how_does_vanna_white_poop/
What is the hardest part of a vegetable to eat?,The wheelchair.,http://www.reddit.com/r/3amjokes/comments/1c5x01/what_is_the_hardest_part_of_a_vegetable_to_eat/
What to feed a giant gay whale?,Seamen,http://www.reddit.com/r/3amjokes/comments/12nytr/what_to_feed_a_giant_gay_whale/
What did the punctual chef have plenty of?,"Thyme.

(I came up with this after work while lying in bed, quite sleep deprived)",http://www.reddit.com/r/3amjokes/comments/1kfskp/what_did_the_punctual_chef_have_plenty_of/
Did you know lions can jump higher than trees?,Because trees can't jump!,http://www.reddit.com/r/3amjokes/comments/1k9lc7/did_you_know_lions_can_jump_higher_than_trees/
Knock knock.,"Nobody's there, It's 3 AM.",http://www.reddit.com/r/3amjokes/comments/1iy57r/knock_knock/
What is red and smells like blue paint?,Red paint.,http://www.reddit.com/r/3amjokes/comments/1hjff0/what_is_red_and_smells_like_blue_paint/
What do you get if you walk under a cow?,A pat on the head :D,http://www.reddit.com/r/3amjokes/comments/1goljd/what_do_you_get_if_you_walk_under_a_cow/
What did the dentist get for an award?,A little plaque,http://www.reddit.com/r/3amjokes/comments/1fc6aa/what_did_the_dentist_get_for_an_award/
What do you call a herb that sings?,"Elvis Parsley.

DOHOHO",http://www.reddit.com/r/3amjokes/comments/1elu3v/what_do_you_call_a_herb_that_sings/
What has three legs and can kill you from a tree?,A piano,http://www.reddit.com/r/3amjokes/comments/1efhg6/what_has_three_legs_and_can_kill_you_from_a_tree/
How were the fashion models when their runway collapsed?,Flawless,http://www.reddit.com/r/3amjokes/comments/1d54rd/how_were_the_fashion_models_when_their_runway/
What is short green and grows on dirt and has wheels,Grass I lied about the wheels,http://www.reddit.com/r/3amjokes/comments/194dxy/what_is_short_green_and_grows_on_dirt_and_has/
What do you call a pregnancy test for a banker?,P n' C.,http://www.reddit.com/r/3amjokes/comments/1khq4x/what_do_you_call_a_pregnancy_test_for_a_banker/
Protect your bagels!,Put lox on them.,http://www.reddit.com/r/3amjokes/comments/1jcyeb/protect_your_bagels/
What's a pool's least favorite math?,Algaebra.,http://www.reddit.com/r/3amjokes/comments/1iog0h/whats_a_pools_least_favorite_math/
How do you confuse a blonde?,Paint yourself green and throw forks at her,http://www.reddit.com/r/3amjokes/comments/1i1bcp/how_do_you_confuse_a_blonde/
What's the difference between a cat &amp;a comma?,"One has claws at the end of its paws, &amp; the other has a pause at the end of its clause",http://www.reddit.com/r/3amjokes/comments/1fyvpk/whats_the_difference_between_a_cat_a_comma/
What did the green toothbrush say to the green toothbrush?,"The other day I went down to Thornburg, VA.",self.3amjokes
0,0,self.3amjokes
0,0,self.3amjokes
1,0,self.3amjokes
0,0,self.3amjokes
1,0,self.3amjokes
0,0,self.3amjokes
0,0,self.3amjokes
1,0,self.3amjokes
22,0,0
1369350240.0
3,False,10
3,False,8
7,False,9
6,False,8
4,False,8
3,False,10
9,False,8
"Because the the person they are for, usually can't.",False,What car does the Chinese Premier drive?
A rolls rice.,False,Why do dogs pant?
Because they can't talk dirty!,False,How do you wake up Lady Gaga?
0,0,21
0,0,17
False,0,13
0,True,0
0,True,1
0,True,1
0,True,5
0,True,2
0,True,3
0,True,1
0,True,0
0,True,0
0,True,2
0,True,4
0,True,5
0,True,3
0,True,0
0,True,1
0,True,0
0,True,0
0,True,1
0,True,0
0,True,0
0,True,2
0,True,0
0,True,3
0,True,5
0,True,0
0,0
1368657029.0,0
0,0
1366571468.0,0
0,0
1362259017.0,0
0,0
1357802784.0,0
0,0
1376754759.0,0
0,0
1369081369.0,0
0,0
1368656172.0,0
0,0
1367037461.0,0
0,0
1376690940.0,0
0,0
1376281301.0,0
0,0
1374808166.0,0
0,0
1370302635.0,0
0,0
1369521817.0,0
0,0
1369103038.0,0
0,0
1368689153.0,0
0,0
1375164360.0,0
0,0
1371657657.0,0
0,0
1370133514.0,0
0,0
1368677873.0,0
0,0
1368653205.0,0
0,0
1368642720.0,0
0,0
1376724115.0,0
0,0
1376353313.0,0
0,0
1376281261.0,0
0,0
1375999935.0,0
0,0
1375994389.0,0
0,0
1375971438.0,0
0,0
1375244911.0,0
0,0
1375222843.0,0
0,0
1375175350.0,0
0,0
1375054685.0,0
0,0
1374945344.0,0
0,0
1374857109.0,0
0,0
1374649042.0,0
0,0
1374392696.0,0
0,0
1374336339.0,0
0,0
1374330865.0,0
0,0
1374304628.0,0
0,0
1374254654.0,0
0,0
1373942084.0,0
0,0
1373899989.0,0
0,0
1373890558.0,0
0,0
1373622040.0,0
0,0
1373475260.0,0
0,0
1373205332.0,0
0,0
1373165310.0,0
0,0
1372825777.0,0
0,0
1372726135.0,0
0,0
1372329276.0,0
0,0
1371639611.0,0
0,0
1370892023.0,0
0,0
1369692093.0,0
0,0
1369217838.0,0
0,0
1369165884.0,0
0,0
1369150970.0,0
0,0
1369146313.0,0
0,0
1369136394.0,0
0,0
1369056220.0,0
0,0
1368925578.0,0
0,0
1368893299.0,0
0,0
1368733758.0,0
0,0
1368684352.0,0
0,0
1368683743.0,0
0,0
1368667531.0,0
0,0
1368664295.0,0
0,0
1368655575.0,0
0,0
1368633616.0,0
0,0
1368626036.0,0
0,0
1367690878.0,0
0,0
1367467759.0,0
0,0
1366084112.0,0
0,0
1365317564.0,0
0,0
1376717804.0,0
0,0
1376598784.0,xh6
1kcfl4,http://www.reddit.com/r/3amjokes/comments/1kcfl4/what_do_you_call_the_son_of_a_black_man/,t3_1kcfl4
1jpevc,http://www.reddit.com/r/3amjokes/comments/1jpevc/all_the_kids_was_hit_in_the_head_by_a_snowball/,t3_1jpevc
1jpe6c,http://www.reddit.com/r/3amjokes/comments/1jpe6c/all_the_kids_ran_out_of_the_burning_school/,t3_1jpe6c
1jgdyl,http://www.reddit.com/r/3amjokes/comments/1jgdyl/why_did_charon_let_kurt_cobain_sit_at_the_front/,t3_1jgdyl
1j9ttj,http://www.reddit.com/r/3amjokes/comments/1j9ttj/why_do_girls_prefer_to_drive_auto_cars_instead_of/,t3_1j9ttj
1j7rnb,http://www.reddit.com/r/3amjokes/comments/1j7rnb/this_is_an/,t3_1j7rnb
1i8siv,http://www.reddit.com/r/3amjokes/comments/1i8siv/what_do_you_countdown_to_at_the_bottom_of_the/,t3_1i8siv
1hkp1p,http://www.reddit.com/r/3amjokes/comments/1hkp1p/red_or_white_wine/,t3_1hkp1p
1h1i46,http://www.reddit.com/r/3amjokes/comments/1h1i46/mad_scientists_truck/,t3_1h1i46
1g5gzb,http://www.reddit.com/r/3amjokes/comments/1g5gzb/did_you_hear_about_what_the_chicken_did/,t3_1g5gzb
1f29ao,http://www.reddit.com/r/3amjokes/comments/1f29ao/genghis_khan_really_loved_pillaging/,t3_1f29ao
1espis,http://www.reddit.com/r/3amjokes/comments/1espis/how_do_microbes_say_hi/,t3_1espis
1emkr7,http://www.reddit.com/r/3amjokes/comments/1emkr7/why_do_women_sing_to_the_left_to_the_left/,t3_1emkr7
1efjio,http://www.reddit.com/r/3amjokes/comments/1efjio/ask_me_if_im_a_fire_truck/,1
0,True,0
0,True,2
0,True,0
0,True,0
0,True,0
0,True,2
0,True,0
0,True,0
0,True,0
False,0,2
0,True,0
0,4,6
False,0,8
0,True,0
0,True,2
0,True,1
0,True,0
0,0,3
False,0,5
0,True,0
0,True,0
0,True,0
0,True,1
0,True,1
0,True,0
0,True,0
0,True,1
0,True,0
0,True,3
0,True,0
0,True,1
0,True,3
0,True,0
0,True,1
0,True,0
0,True,1
0,True,1
0,True,0
0,True,1
0,True,2
0,True,1
0,True,0
0,True,0
